Imp,Diss,Per,SPLpk,SPLrms,Habitat,Hour Number
1752.969969,0.013497673,1,139.9030709,92.428186,eg,1
1874.317768,0.014434712,1,140.0996193,92.99479578,eg,2
287.3711028,0.015799096,1,138.2790873,93.69688088,eg,3
149.1896175,0.019631089,0.5,139.9819347,97.31282392,eg,4
126.3822465,0.020191872,0.5,138.3803052,96.69792808,eg,5
105.8734673,0.018547561,0,136.580549,96.56670137,eg,6
269.8683982,0.018901577,0.5,138.1856086,95.65853003,eg,7
30.39976252,0.020278072,0,134.6854103,97.09653383,eg,8
46.32002412,0.015264343,0,131.9895866,93.84932215,eg,9
152.9228905,0.013430688,1,134.1327976,92.51981377,eg,10
70.00253476,0.013007861,1,132.0173937,92.24108103,eg,11
103.1162036,0.013810355,0,132.7202542,92.80164974,eg,12
99.39811759,0.012794088,1,134.0333045,92.39352904,eg,13
259.9127152,0.016136696,0,136.4343529,94.76920317,eg,14
21.81242009,0.037062274,0,135.7302287,110.0051854,eg,15
17.74457785,0.024664093,0,132.7404672,103.7407795,eg,16
14.14569323,0.026787948,0,137.369578,108.8228009,eg,17
41.19038684,0.042289016,0,147.1033465,112.8066597,eg,18
145.7335774,0.027348809,0,145.8430695,108.5167824,eg,19
21.78710945,0.026585165,1,138.4906513,110.3106383,eg,20
13.57009123,0.027227051,1,138.4273699,112.9402868,eg,21
48.33643982,0.019956249,0,140.4001964,102.664313,eg,22
324.5202531,0.01769253,0,139.8710917,96.97795547,eg,23
1111.466114,0.01553814,1,141.0078276,94.1455827,eg,24
1052.313589,0.015427323,1,139.4985471,93.47819669,eg,25
760.7978585,0.015980924,1,140.8768389,94.51264909,eg,26
32.65653648,0.016857944,0,134.7518408,98.3629966,eg,27
45.13730699,0.02144181,0,138.0980013,101.5512853,eg,28
17.2847348,0.020863601,0,137.1189677,103.1518157,eg,29
15.54051468,0.021739053,0,136.3765242,104.1721699,eg,30
16.71489824,0.024411954,1,133.0786504,103.3385876,eg,31
22.54458828,0.021210261,0,132.9309745,102.4699446,eg,32
18.67418067,0.026714271,0,134.004105,106.0067593,eg,33
30.72172451,0.018514531,0,134.7949863,98.67458706,eg,34
242.9981761,0.015112193,0,135.4897613,94.32043715,eg,35
805.2495375,0.018164538,0.5,137.3054619,93.24139759,eg,36
228.7581918,0.014645897,0.5,135.639357,93.14805178,eg,37
264.1914468,0.012954166,1,135.5603154,92.83912958,eg,38
91.62993588,0.017846853,0,135.2259244,95.93972442,eg,39
28.12932305,0.023830416,0,137.2476526,103.1516232,eg,40
20.66932558,0.03012778,1,139.0360085,109.4205658,eg,41
185.7149569,0.048896306,0,147.5123178,111.3848026,eg,42
1505.892891,0.041439173,0,162.0532028,120.3000826,eg,43
1310.002899,0.046653955,1,148.4860856,108.2223016,eg,44
69.25652748,0.026102413,0,139.324098,101.8958629,eg,45
32.50179685,0.026087133,1,141.1045813,102.3288461,eg,46
155.6057702,0.020550075,0.5,139.1196309,98.40008212,eg,47
519.3772826,0.016973633,1,138.0985728,93.93379623,eg,48
302.9790063,0.015305896,1,136.3468648,92.93467618,eg,49
637.7385209,0.013938185,1,137.3724658,92.91824909,eg,50
305.0699861,0.012962451,1,135.2749032,92.56068926,eg,51
337.9893309,0.014120202,0,137.2561923,93.33063088,eg,52
149.2185216,0.017369727,1,137.0163644,95.60732319,eg,53
22.83669736,0.020661739,0,136.2438594,100.6964966,eg,54
32.40208857,0.025512336,1,136.7489043,101.8714499,eg,55
22.49424427,0.02642201,0,136.8965943,101.0481047,eg,56
13.17811926,0.022926347,1,131.8743246,104.4791206,eg,57
17.55057359,0.019756012,0,135.541869,101.1395489,eg,58
18.40375893,0.019401811,1,134.9848633,101.0679578,eg,59
15.25448294,0.02016003,0,134.9316616,102.9311155,eg,60
16.96074629,0.018898676,0,134.7182594,101.1629738,eg,61
78.80452943,0.027718987,0,136.9670957,105.9068334,eg,62
95.22698379,0.026384306,1,138.0806836,104.9614425,eg,63
49.73933991,0.023540166,0,133.1355066,102.2899259,eg,64
33.64648648,0.021118555,0,136.9355394,101.7487556,eg,65
16.78879122,0.026462283,1,134.4562419,106.6939497,eg,66
82.15459231,0.034937322,0,159.8558148,128.539441,eg,67
933.0447069,0.030273345,0,159.6281856,119.529289,eg,68
2159.66088,0.041347833,0,156.7223732,113.7077395,eg,69
91.73456147,0.017102723,0,136.4501529,97.21026272,eg,70
598.6598056,0.02985126,1,144.3992037,105.9782839,eg,71
517.9274645,0.014856643,0,140.4582,94.75282332,eg,72
371.5674825,0.014170726,1,136.7344075,93.2671785,eg,73
652.7072447,0.014619489,1,138.3396259,93.54642853,eg,74
893.1394863,0.013545617,0.5,139.9145314,93.07418964,eg,75
298.1234989,0.018344563,1,137.314621,94.32875611,eg,76
159.8966848,0.016288674,0,136.6892235,95.65730351,eg,77
28.25397732,0.021264506,0,132.5184262,98.77015977,eg,78
151.7869299,0.023447196,0,138.5297851,100.1395755,eg,79
1766.383521,0.038916469,1,153.4880412,111.91064,eg,80
785.0063979,0.046435717,1,154.2316842,113.418789,eg,81
1003.528499,0.034659903,1,158.2110232,118.4120343,eg,82
328.8530022,0.037541993,0.5,168.4999984,137.7683439,eg,83
24.37845687,0.021723247,0,136.5494479,100.6969476,eg,84
58.49511099,0.019100973,0,135.7281654,97.41958855,eg,85
40.52398368,0.016363969,0,133.0202927,96.19865477,eg,86
30.70983205,0.016301367,0.5,133.260699,96.33329812,eg,87
27.90374552,0.018906628,0,133.463489,97.35214326,eg,88
29.17347977,0.019796471,0,137.4522809,98.75143175,eg,89
62.85238323,0.04742152,0,140.1729156,107.4276805,eg,90
54.93379377,0.036451148,0,139.3796641,106.6330415,eg,91
41.82084392,0.035824602,0,142.2364424,109.8174356,eg,92
40.3522191,0.030799311,0,141.6983817,110.0456144,eg,93
27.42383492,0.030728449,0,138.3793663,105.7666868,eg,94
488.8184835,0.018794336,0,141.7660859,98.01067938,eg,95
28.37729794,0.021764436,0,137.5571038,100.6794992,eg,96
513.4398275,0.014624333,1,139.5778584,94.42086404,eg,97
1033.043398,0.015923259,1,139.0684449,93.99430601,eg,98
1278.826176,0.014236976,1,139.7554614,93.29021026,eg,99
1053.048965,0.015182292,1,140.5704384,93.31891488,eg,100
868.8519193,0.014082579,1,138.2065589,93.55685172,eg,101
131.47726,0.016678705,1,136.3231892,95.12219189,eg,102
35.20823957,0.020555376,1,135.0502705,98.95804113,eg,103
128.8169048,0.028830239,1,140.2933342,104.2468864,eg,104
150.1192516,0.029255086,0,140.5253785,103.7350593,eg,105
626.3775618,0.031518974,1,143.8789573,105.6023413,eg,106
195.191763,0.025160582,0,139.108804,101.2543045,eg,107
43.29331027,0.020666635,0,137.2583036,98.36829184,eg,108
44.98068094,0.018926934,0,135.1219701,96.76142718,eg,109
185.4610073,0.016418255,1,134.1926774,93.93978446,eg,110
255.3676996,0.013702534,0,134.2226799,93.26656514,eg,111
309.2089776,0.015874145,0,135.8122955,93.66596717,eg,112
81.84860703,0.015156727,1,132.3149056,94.35692484,eg,113
184.0181316,0.015424493,0,135.0003976,94.16955544,eg,114
141.3428946,0.028755421,1,140.4865416,99.58595149,eg,115
81.65350656,0.052521792,0,148.1673245,115.0441359,eg,116
160.410288,0.049899933,0,150.8634418,115.2093824,eg,117
249.5187326,0.06228101,0,150.8018365,114.285663,eg,118
681.552164,0.056875315,0,152.1255499,113.3793453,eg,119
537.1341084,0.033783305,0.5,144.4254832,103.7058254,eg,120
100.3716032,0.027789816,1,140.9281887,102.4704712,eg,121
375.8417256,0.020373757,0,142.1739148,98.34127107,eg,122
116.8245305,0.019420831,0,136.7066904,96.24913156,eg,123
181.589639,0.016382332,1,138.4074634,95.11412118,eg,124
596.0294905,0.018091111,0,140.4857432,95.40132464,eg,125
357.2229487,0.035921402,1,146.529942,104.5042091,eg,127
163.4350547,0.05620776,1,146.3666961,109.5932344,eg,128
56.45704981,0.048461755,0,147.2748526,112.478104,eg,129
426.0053157,0.060225134,0,155.8154784,119.7495813,eg,130
1008.555856,0.054402008,1,161.4207922,122.8620517,eg,131
731.653801,0.048253759,1,153.771961,115.614069,eg,132
35.52933159,0.028984725,1,136.5971901,102.937401,eg,133
22.08254213,0.02388355,0,135.9760386,100.308702,eg,134
46.92703134,0.019255964,0,138.0661304,97.37838397,eg,135
28.16391174,0.018473399,0,134.0807509,96.41890715,eg,136
45.95249879,0.01695511,0,134.2491411,95.99210405,eg,137
77.27460582,0.015314218,0,137.3026333,96.41776136,eg,138
91.18705711,0.019554256,0,140.5804709,99.7995219,eg,139
115.7433568,0.052095657,1,147.8808944,113.9843922,eg,140
97.72851576,0.069778708,0.5,155.6931347,123.251376,eg,141
81.11238242,0.067071238,1,154.7262615,124.1553391,eg,142
116.4330985,0.085310459,1,153.4333322,119.252987,eg,143
63.29803751,0.028625395,1,142.5044807,105.8395153,eg,144
47.31442676,0.023864782,0,138.9747249,104.462736,eg,145
50.36989514,0.021192447,0,139.8970133,100.2946598,eg,146
426.6342111,0.017716533,0,138.5778801,95.84403593,eg,147
566.0687053,0.013973013,1,138.815204,93.64274734,eg,148
2172.625517,0.015435855,1,142.3936555,94.12331356,eg,149
6.568470424,0.02483088,0,139.4674464,108.4756835,eg,150
269.0215849,0.015687945,0,136.0973925,94.30741901,eg,151
114.7531868,0.030715843,0,139.208345,101.2353899,eg,152
80.80305805,0.051749654,1,148.4625501,115.2667088,eg,153
303.6512568,0.055407936,0,154.6510635,118.7789327,eg,154
364.6008998,0.05040765,0.5,157.3439933,122.404475,eg,155
285.2436613,0.051802174,0,152.6326452,117.3156053,eg,156
106.3133685,0.047877751,1,145.8041609,108.1059505,eg,157
34.51226653,0.02979569,0,136.4771338,101.0930069,eg,158
28.14180947,0.020868359,0,134.5511768,97.89405337,eg,159
669.759812,0.015173363,1,139.2037134,94.2929998,eg,160
236.5306469,0.014993618,0,136.6735277,93.88057595,eg,161
299.0462133,0.014050071,0.5,136.3584075,93.88530397,eg,162
1194.720468,0.017627098,1,142.1335303,95.39585332,eg,163
541.0734059,0.023838643,1,142.367109,98.83804134,eg,164
163.7368062,0.063166482,1,148.3249519,113.1346619,eg,165
167.9812602,0.06502634,0.5,153.7130989,119.4872237,eg,166
158.9842541,0.063473163,1,159.9681498,125.0085684,eg,167
301.5814659,0.066585043,0,155.4290724,119.7480234,eg,168
94.66055938,0.039452786,0,143.3868279,108.1873841,eg,169
88.07632218,0.034226801,1,141.9277085,105.4825778,eg,170
251.4622826,0.025108645,1,141.8717727,100.8103523,eg,171
439.0654083,0.018789132,0.5,140.8028283,95.87599443,eg,172
1028.185182,0.01558767,0,142.2261643,94.54790048,eg,173
893.7827103,0.015451158,1,140.3997793,94.23894271,eg,174
135.8674883,0.013796814,1,135.4664615,93.56811546,eg,175
173.9845894,0.016934533,0.5,135.8231541,96.01678973,eg,176
157.6436644,0.053727355,0,146.1706153,106.9879403,eg,177
93.78653174,0.061078332,0,150.0469268,117.8239614,eg,178
341.285434,0.06155673,1,157.2292498,120.6141143,eg,179
700.2222275,0.07382008,0,160.7742652,122.7251842,eg,180
829.7774481,0.064371027,0,155.1479634,116.294622,eg,181
80.12221098,0.038989184,0,140.7848616,108.4744606,eg,182
72.1454669,0.030423083,0.5,136.7534708,103.5657541,eg,183
195.7036082,0.024811785,1,136.7317685,100.8166999,eg,184
148.1854946,0.023194586,1,134.5432851,99.88159021,eg,185
283.3699616,0.020889378,1,137.4008854,98.43333689,eg,186
513.1080057,0.024051821,1,142.5555126,99.80131418,eg,187
239.7827616,0.02107949,1,138.378708,98.47720249,eg,188
225.2049564,0.029550124,1,143.6205712,101.7024712,eg,189
140.0954418,0.050743384,1,147.9195869,113.2776097,eg,190
211.2700874,0.056177113,0,154.9941384,118.2406207,eg,191
656.200385,0.064922307,1,160.1143896,122.3698206,eg,192
168.5798781,0.060646931,1,147.6700968,112.564811,eg,193
90.72190125,0.039280387,0,142.208344,107.1037435,eg,194
125.8410922,0.029986361,0,141.1991017,104.5616353,eg,195
320.1514429,0.023837808,1,138.6064295,101.1659048,eg,196
301.407799,0.027272223,1,139.1617192,101.7087781,eg,197
441.8965922,0.023640971,1,138.4918644,99.61382287,eg,198
682.5864798,0.029767382,1,142.5356916,101.1986399,eg,199
345.6501331,0.02426952,1,136.8590593,99.31680553,eg,200
280.6574691,0.025142763,1,138.7590617,100.8075171,eg,201
185.6861837,0.041708255,1,143.4345271,105.9112651,eg,202
275.0556595,0.049899759,0,150.151658,113.6738291,eg,203
360.8055754,0.054914459,1,158.1520361,121.208541,eg,204
526.8124426,0.057461973,0,153.8204784,116.9496189,eg,205
570.9422338,0.049179307,1,151.1901954,112.585357,eg,206
34.49113835,0.030164733,1,137.437586,104.0012785,eg,207
111.6581883,0.026463279,1,136.2758501,102.7203431,eg,208
107.1924714,0.017098796,0,133.9008411,96.00639425,eg,209
663.233658,0.022563513,1,141.0080523,95.83012508,eg,210
264.9928625,0.023289628,1,138.3317352,97.36611465,eg,211
2005.213927,0.016014932,1,142.5254196,95.30626745,eg,212
424.4382509,0.015679365,0.5,139.9508182,95.55360678,eg,213
199.2671028,0.028459351,1,141.4905681,100.3054936,eg,214
248.895088,0.058271038,0,148.6952656,112.4241378,eg,215
408.51955,0.056573096,0.5,154.9238469,117.2691411,eg,216
1303.309013,0.048290371,1,156.2534998,115.596936,eg,217
213.9007265,0.032842634,1,142.805842,105.4179437,eg,218
991.9902367,0.033936993,1,149.7288743,105.0455249,eg,219
197.3875928,0.027715871,1,139.9501076,101.6235139,eg,220
186.3063015,0.021824643,1,139.3300817,98.90015863,eg,221
309.790375,0.014816301,1,137.2576141,94.31594772,eg,222
1115.454649,0.014905084,1,140.4155404,94.03600672,eg,223
661.1858628,0.015266643,1,138.4968309,93.62873827,eg,224
1119.406198,0.015332075,1,141.0079656,94.36676545,eg,225
89.00198768,0.026053528,1,138.5554487,100.2695705,eg,226
373.5148073,0.038434365,1,144.5824473,106.8272741,eg,227
741.3997628,0.048722508,0,157.8008792,119.7338631,eg,228
627.6352586,0.046441025,1,160.0760292,122.2210045,eg,229
756.5964566,0.04575256,1,153.2731892,116.2346368,eg,230
219.7728827,0.03962353,0,143.5146087,106.8588117,eg,231
296.8232859,0.02752059,0,141.2710776,104.1641688,eg,232
133.4204101,0.025587207,0,138.9016022,102.2405506,eg,233
191.3238692,0.019512124,1,134.8312374,98.55972218,eg,234
344.9447957,0.02301037,0,140.9348819,99.08761086,eg,235
477.6844848,0.021021634,1,139.5673204,97.55429809,eg,236
287.4126534,0.02245869,1,139.0567015,98.19222892,eg,237
218.6457756,0.021019705,1,137.6684709,100.5183432,eg,238
426.2208623,0.047843358,1,148.6459336,111.0553617,eg,239
473.7091985,0.041883687,0,157.1447959,120.027767,eg,240
755.4049729,0.048649397,0,159.7369061,121.4841182,eg,241
555.1999742,0.05496919,1,153.1065857,114.5549923,eg,242
396.1414621,0.03512738,1,147.3427281,109.5960707,eg,243
249.8105579,0.029837499,1,144.3730964,105.5650496,eg,244
172.8086576,0.026912533,0,139.9567574,104.6281943,eg,245
430.4481204,0.033037763,1,140.5198122,103.2701526,eg,246
509.8568991,0.024435723,1,141.8852572,100.6674043,eg,247
314.816233,0.021073861,0,138.3328506,101.3613019,eg,248
328.9519295,0.026292487,1,139.7288366,103.4642441,eg,249
612.6288354,0.033980581,0,149.747341,105.6047331,eg,250
284.7482484,0.055061465,0,148.2477485,113.4260207,eg,251
279.4084547,0.056905267,0,153.1320269,117.7164092,eg,252
339.3269029,0.080362232,0,156.2481346,120.9732818,eg,253
112.4111018,0.067080338,1,153.4540221,122.838739,eg,254
770.0636751,0.044616715,1,152.42017,115.8016613,eg,255
1290.480261,0.034983545,1,150.2590192,110.8284109,eg,256
39.14528985,0.022362802,0,137.2581216,102.8290465,eg,257
33.84268026,0.020871587,0,136.4766975,100.4273664,eg,258
161.1900571,0.01654998,0,139.0973285,96.65286752,eg,259
283.9283083,0.017114605,1,138.8677705,95.97741252,eg,260
246.0816684,0.016336663,1,137.8510756,95.71829368,eg,261
647.041345,0.016530163,0,140.6862574,95.21514269,eg,262
229.1058338,0.046205252,0.5,143.7259528,109.3587816,eg,263
169.6545756,0.063459519,0,147.5961257,112.4848623,eg,264
159.8965596,0.070600245,1,152.1358185,116.5459897,eg,265
330.1665154,0.060253424,1,149.9712343,115.3447644,eg,266
338.552322,0.037181267,0.5,145.4647191,105.3272506,eg,267
63.84673102,0.030624135,1,141.774454,104.1736697,eg,268
65.41749653,0.02239715,0,137.6171727,99.5229659,eg,269
34.73000864,0.022871746,1,135.1826628,98.38037862,eg,270
41.87484051,0.030313444,0,137.7285771,101.944061,eg,271
120.8344405,0.015009103,0,133.77522,93.36644867,eg,272
37.53902013,0.025919858,0,134.7330133,97.75035318,eg,273
71.22176911,0.01533255,1,133.7513597,94.42755154,eg,274
127.5161072,0.036174562,0,139.4540079,101.7953062,eg,275
228.3494082,0.051205775,1,146.6595756,109.5783333,eg,276
606.749313,0.057891382,0,154.2881666,116.8192092,eg,277
638.4706803,0.049242623,0,158.418683,122.0583689,eg,278
1024.203415,0.046163768,1,161.0013406,121.5284519,eg,279
906.4677001,0.051211265,0,150.8005464,112.2829066,eg,280
134.7435077,0.035551124,0.5,137.5994864,100.8408838,eg,281
151.5894701,0.024115664,0.5,138.3329111,98.51217511,eg,282
241.3152539,0.026315677,0,140.8105478,99.00708374,eg,283
812.0569829,0.023455796,1,141.3002216,98.91195395,eg,284
3022.59285,0.027742107,1,148.9658457,98.99858137,eg,285
1035.311819,0.027553942,1,142.4449963,96.729752,eg,286
1381.185301,0.026357031,1,144.1982103,98.89491545,eg,287
187.8604923,0.044449041,1,145.4675955,106.2464947,eg,288
86.36445962,0.023750389,1,146.9693726,113.6675281,eg,289
438.2641401,0.05222834,1,150.804743,113.1851682,eg,290
498.9205066,0.052119075,1,151.4245615,114.0310636,eg,291
452.0014333,0.047847126,1,146.9393712,108.0483926,eg,292
74.05315654,0.029847349,0,139.5836377,102.7973499,eg,293
58.23227074,0.016160171,0,144.671359,109.0680559,eg,294
68.8450252,0.021163578,1,141.2481453,103.8753094,eg,295
510.4315453,0.022765908,0,142.5979053,99.05625948,eg,296
237.2182263,0.036410923,1,139.5152744,101.762711,eg,297
425.8722443,0.083204116,0,145.586254,104.823844,eg,298
195.5605854,0.057687986,1,142.512039,107.0763956,eg,299
162.658822,0.067399345,1,147.3443776,113.5426224,eg,300
142.4259556,0.067069483,0.5,152.557546,118.2990108,eg,301
160.415801,0.082015367,1,154.75687,120.5314899,eg,302
201.413181,0.070999397,0.5,151.8655292,115.9774398,eg,303
917.6662636,0.035985524,1,147.7294607,108.2379041,eg,304
1074.923627,0.041245055,1,151.2351961,110.2300988,eg,305
33.89755381,0.023496616,0,134.5743138,101.8653797,eg,306
145.9283842,0.030623221,0,141.8964769,101.5106612,eg,307
540.7772835,0.017919061,1,141.1178142,96.00475727,eg,308
1433.17493,0.016087978,0.5,141.9420573,94.37290916,eg,309
564.9666556,0.017132272,0,138.292789,95.49438773,eg,310
441.4559996,0.016334242,1,137.6433221,94.37808374,eg,311
657.38432,0.029358418,1,141.4682005,98.48222215,eg,312
252.2793925,0.053882618,0,147.6934592,109.8715358,eg,313
132.966559,0.059502892,1,147.2828879,112.152976,eg,314
342.503814,0.05106641,1,146.0251316,108.1140196,eg,315
318.653964,0.038854568,0,143.4815125,105.0170332,eg,316
204.9059966,0.036205213,0.5,145.3002874,104.0105635,eg,317
49.03980009,0.030139524,0,139.2691023,102.1976548,eg,318
54.45612924,0.021094943,0,138.417776,97.85600055,eg,319
43.00429633,0.043815885,0,138.8776149,96.91824865,eg,320
112.4570754,0.015186302,0,133.9852598,94.01158235,eg,321
90.34686532,0.01494283,0,133.6947532,93.6256507,eg,322
46.58827195,0.033809013,0,136.553588,99.07678789,eg,323
52.7099338,0.021320299,0.5,133.6144851,96.41836461,eg,324
46.40192755,0.031775618,0,135.4116317,99.73671891,eg,325
206.2840493,0.052996781,1,144.4840626,109.2338108,eg,326
281.2817161,0.060083554,0.5,145.1648639,110.7608941,eg,327
198.2619125,0.053870284,1,144.8440203,108.5856346,eg,328
57.60127232,0.034279167,0,139.0097344,104.4543379,eg,329
39.30842238,0.023656898,0,135.2034231,98.89516457,eg,330
149.1787528,0.021874172,0,140.0471837,98.397432,eg,331
897.5507066,0.022461459,0.5,142.0678052,98.12060962,eg,332
390.4865829,0.017098443,1,138.2308064,94.64338405,eg,333
247.7233529,0.014400556,0,136.655811,93.70008599,eg,334
1890.604529,0.015944228,1,141.9981202,94.4417132,eg,335
1071.064981,0.017592106,0.5,140.2840104,94.80982912,eg,336
169.5393154,0.023363359,0,139.8784375,97.29521403,eg,337
189.8027645,0.037033426,0,141.8681499,104.5249954,eg,338
136.3610268,0.041186065,0,143.9804046,105.8227286,eg,339
385.7307164,0.04156929,1,144.2058579,104.2500165,eg,340
94.21006279,0.020222788,0,139.2127407,98.96128688,eg,341
59.34729753,0.022618691,0,137.7323654,98.10695008,eg,342
36.48264423,0.022893369,0,135.082199,98.67878039,eg,343
19.98942041,0.017247365,0,133.085294,96.14373445,eg,344
79.9787586,0.017283884,0,135.9719555,95.49720288,eg,345
55.16019373,0.016581901,0,135.5636963,96.0553288,eg,346
95.71686197,0.013883142,1,134.7130858,93.91526235,eg,347
162.0182146,0.015509748,0,136.5727262,95.05170412,eg,348
22.47496203,0.021530152,0.5,132.5702859,97.40350952,eg,349
162.5618587,0.033970765,0.5,139.5187394,102.8798352,eg,350
144.3464027,0.040155154,0,141.1196321,104.8578576,eg,351
561.5511962,0.036171271,1,147.7785715,108.4825293,eg,352
1473.515904,0.040129281,0.5,154.7638069,114.3582932,eg,353
3007.309369,0.043864102,1,151.6176737,110.3934755,eg,354
242.1164379,0.024537878,1,137.8941949,97.74230721,eg,355
269.6423011,0.020061207,0.5,141.4964478,97.74646607,eg,356
120.5630558,0.023327061,1,137.0963437,96.9826717,eg,357
427.9783424,0.018716809,1,138.7630529,95.37984766,eg,358
346.2710458,0.018993103,0.5,139.9924293,95.84818215,eg,359
67.80340279,0.020000111,0,135.1093151,96.9766155,eg,360
98.07413565,0.026679148,1,136.7625136,100.301524,eg,361
656.2272112,0.033931847,1,142.4111664,103.0467012,eg,362
542.6250927,0.035968456,0.5,146.3062871,106.2548817,eg,363
1105.072932,0.042915444,1,150.5386067,111.9493372,eg,364
736.3138705,0.037362387,0.5,148.4280192,109.0978842,eg,365
1430.719914,0.041055934,1,150.7803703,109.4135108,eg,366
321.847491,0.040287673,0.5,142.2954461,104.9215731,eg,367
119.2165079,0.025557542,0.5,141.1792015,100.2325342,eg,368
89.00473053,0.02511699,1,135.8509154,99.11037073,eg,369
314.3203745,0.04087525,0.5,144.6441786,105.5556434,eg,370
177.0167005,0.047924007,1,141.4281394,105.3356232,eg,371
32.15998525,0.018617316,1,134.8105829,97.88197328,eg,372
35.18310285,0.027573141,1,134.7919706,105.1358211,eg,373
47.05247932,0.020278734,1,134.570866,99.8278502,eg,374
78.15522024,0.024888524,0,138.8784437,101.3920539,eg,375
19.79201194,0.025683036,0,132.6093266,103.4436711,eg,376
31.64091641,0.036656396,0,137.4858734,106.7731473,eg,377
130.9700968,0.025281911,1,139.6026906,103.0147667,eg,378
30.11915021,0.031673216,0,146.6608518,106.30494,eg,379
25.18226906,0.030849117,1,144.1512235,108.1226305,eg,380
20.42351992,0.025139361,1,136.3983232,103.9237019,eg,381
976.5599845,0.019938493,0,143.1979837,97.48978734,eg,382
462.7226453,0.016013417,0,138.9635917,94.77624787,eg,383
2166.883774,0.020001145,1,144.161686,96.38076575,eg,384
755.2634925,0.017583585,1,140.5183851,96.01051158,eg,385
240.8629633,0.018034195,0,139.9199455,97.24723992,eg,386
149.9479227,0.031287509,1,139.644901,102.2413258,eg,387
144.4603161,0.02664419,1,137.845917,102.6043934,eg,388
41.36850485,0.032519736,0,139.1164717,103.9264099,eg,389
77.35848197,0.036850543,0,145.9517924,107.442338,eg,390
55.75802468,0.032902356,0,142.4551706,106.1172123,eg,391
45.40282405,0.025732717,0,138.3162208,100.695292,eg,392
59.92895976,0.028208669,0,138.4339825,100.3826263,eg,393
185.6509911,0.018752015,0,139.4404215,97.3800601,eg,394
76.75934635,0.015922897,0,133.5373132,94.31297307,eg,395
87.41289242,0.015580811,0,132.7243091,94.15956052,eg,396
74.36520362,0.014247156,0,134.2509172,93.49651322,eg,397
111.3377656,0.022219069,1,134.5990905,96.02469666,eg,398
52.85005332,0.025289779,0,133.4944756,99.32491036,eg,399
67.79483816,0.029158096,0,134.9963666,102.0571501,eg,400
77.90420724,0.038151206,0,138.6303475,103.8354872,eg,401
78.55113504,0.029495296,0,137.1261596,101.4390391,eg,402
79.89690445,0.023480948,0,144.3309913,102.2601191,eg,403
150.9083732,0.03729001,0,141.7267023,104.8639915,eg,404
74.13391366,0.029313613,0,137.4161296,103.4251839,eg,405
294.1600451,0.017013371,0,139.7679082,96.1832518,eg,406
198.9216757,0.017112474,0,135.3252641,94.55923717,eg,407
295.2319314,0.013281245,1,136.3333082,92.67925084,eg,408
1165.371952,0.016734363,0.5,142.7848916,96.7985901,ma,1
862.124719,0.015389868,0,142.7020045,96.18665492,ma,2
918.5215796,0.015647823,0.5,142.4944994,95.9401134,ma,3
1979.464945,0.016856055,1,144.4017306,96.50589067,ma,4
527.7355261,0.01649506,0,141.1656394,97.12145281,ma,5
119.1060877,0.023861366,0,141.3532142,101.7522865,ma,6
295.3363643,0.016506619,0,141.0081156,96.57682115,ma,7
27.96601368,0.03289404,0,141.8795451,102.5890797,ma,8
473.316118,0.020136552,0,141.5796586,97.73046525,ma,9
620.7186608,0.019316827,0,142.0578347,97.20699309,ma,10
488.1047176,0.016513173,0,141.3166471,96.95986122,ma,11
315.3108721,0.020356381,0,142.6592585,99.40219271,ma,12
41.92313211,0.021011789,0,141.669966,101.8166108,ma,13
43.13644192,0.050302171,0,149.8485789,120.3272504,ma,14
86.25181503,0.050161071,0,149.095043,114.0544215,ma,15
108.0257371,0.037346369,1,151.3663888,119.0772824,ma,16
32.162485,0.023820187,1,145.5504491,113.8101053,ma,17
16.80346656,0.026084972,0,142.2885601,115.3137855,ma,18
35.27327749,0.032568507,0,146.0479543,114.0316435,ma,19
33.16796972,0.020904797,1,143.3302134,107.4509018,ma,20
10.27147527,0.021458337,1,143.461682,110.6784646,ma,21
16.22027095,0.021898961,1,141.7390741,109.317903,ma,22
35.03288655,0.021843365,1,141.7076446,107.2946955,ma,23
64.14679749,0.018992959,0,143.365764,105.1721745,ma,24
372.7731038,0.018352212,1,146.0366623,101.0917426,ma,25
52.70487618,0.016499585,0,140.4799823,102.1582902,ma,26
102.2229896,0.019478513,0,142.7261992,102.2650096,ma,27
127.2455257,0.022517867,0,144.47171,104.8505329,ma,28
106.6081992,0.022601629,0,144.7226001,106.0965098,ma,29
26.17495985,0.024210325,1,142.0635367,108.0489306,ma,30
59.56478588,0.030991549,1,146.096696,105.0826336,ma,31
1984.325929,0.059116878,1,171.5083476,128.4610147,ma,32
3073.926807,0.059346724,1,171.2475233,125.2254762,ma,33
3541.895974,0.065205179,1,165.5361009,121.3921445,ma,34
39.70890342,0.029094085,0,141.1767872,108.3433336,ma,35
220.2507013,0.018253543,0,142.1152421,99.58103668,ma,36
71.74347578,0.018459652,1,140.1223764,102.2090569,ma,37
149.4924631,0.019888931,0,142.3498708,100.3491464,ma,38
124.631448,0.028657721,0.5,145.0400197,107.2150298,ma,39
37.6364444,0.023095174,1,146.975107,108.8552115,ma,40
15.75226484,0.025146398,0,140.7398199,111.3505002,ma,41
23.40820916,0.024863468,0,142.852854,114.7067895,ma,42
25.48657688,0.026715873,1,142.4093921,113.6656971,ma,43
690.3910501,0.01590213,0,142.91179,97.96513699,ma,44
116.6143155,0.021882384,1,142.8658216,102.1319791,ma,45
66.93125262,0.034716798,0,141.2053027,110.6949867,ma,46
121.7284777,0.019227482,0,140.4736914,99.69378793,ma,47
329.7092143,0.016007281,0,140.7619029,97.74641711,ma,48
530.6667039,0.016647451,0.5,142.6476789,98.31280142,ma,49
533.1817828,0.017369853,0,142.9288712,97.89569124,ma,50
555.7316803,0.015854683,0.5,142.7717704,97.18353014,ma,51
139.4625568,0.019449295,0,143.1234813,102.1286668,ma,52
1685.377042,0.017217733,1,144.7293214,96.97609288,ma,53
133.2130384,0.017159974,0,142.6112753,101.6875866,ma,54
38.43301199,0.018316536,0.5,140.9803614,103.7010496,ma,55
111.8205356,0.026514004,0,141.920549,99.75128257,ma,56
184.3155508,0.015857645,0,139.2892087,97.09343835,ma,57
273.7258299,0.016953424,0,141.5481735,97.688999,ma,58
457.2772026,0.0153322,0,143.0413813,98.65749572,ma,59
37.74358943,0.018485892,0,139.7360025,100.8339634,ma,60
92.96334798,0.020600139,0,143.2315584,100.4489509,ma,61
179.1256358,0.015589515,0,141.1969352,98.90082961,ma,62
230.1291486,0.015876527,0,141.1466982,98.29034007,ma,63
329.8053414,0.016671386,0.5,142.3413136,98.68032262,ma,64
28.18209892,0.022228143,1,141.2144653,104.2555836,ma,65
9.978258694,0.053222164,0,140.1567164,108.6221051,ma,66
11.26224641,0.028597063,0.5,139.0399715,107.2325485,ma,67
33.15632168,0.022769136,1,141.7685003,104.7808798,ma,68
51.49755163,0.018558336,1,141.9539139,102.6981126,ma,69
538.5993748,0.020273665,0,147.4493854,101.3036236,ma,70
20.09099961,0.032588135,0,141.4157031,115.1869683,ma,71
146.0070963,0.016439956,0.5,139.9645725,98.24901177,ma,72
437.9048824,0.017267944,1,140.1872459,97.59723993,ma,73
730.1427432,0.017002985,0,142.6476247,97.17631827,ma,74
690.9103417,0.017454296,1,142.1481005,97.2679301,ma,75
552.9931275,0.016330401,1,141.3323553,97.04940619,ma,76
418.8689764,0.016626468,0,142.6175339,97.97350809,ma,77
105.9210789,0.01908995,0,140.8586438,101.0753043,ma,78
38.22172861,0.019821982,0,139.6179738,102.8810291,ma,79
16.74807587,0.043397321,0,141.6048563,109.5651954,ma,80
50.71824168,0.027307851,0,142.4354359,112.5181637,ma,81
36.65895753,0.0514808,1,144.9543543,114.579262,ma,82
24.15384096,0.026711845,0,143.0585489,111.0745207,ma,83
40.33878656,0.025146124,0,140.5019019,103.8229972,ma,84
323.1399377,0.031905636,1,159.9956485,126.3385509,ma,85
36.05191112,0.019902527,0,142.1100298,103.4496975,ma,86
131.4415414,0.016866974,0,141.6012118,100.7833623,ma,87
202.5770963,0.016830126,0,142.2643365,99.60701955,ma,88
177.2945619,0.019538349,0,141.8539845,98.6556277,ma,89
123.0528377,0.019799122,0,143.0215955,101.4667017,ma,90
53.9425487,0.024802481,0,142.2802065,104.2354085,ma,91
36.74229437,0.028528514,1,143.8528585,112.9200971,ma,92
48.93887893,0.030821752,0,144.2436888,112.6272323,ma,93
63.92621909,0.023472001,0,142.9966879,104.3454508,ma,94
37.02209763,0.024167944,0.5,141.1759378,104.6108952,ma,95
20.66136767,0.028275941,1,141.9113393,109.4317251,ma,96
1239.598605,0.017144501,1,144.8656819,98.01955102,ma,97
501.713274,0.01592108,0,141.9816471,97.7239489,ma,98
924.1938621,0.016919668,0,144.3245553,97.66852206,ma,99
985.5154727,0.016860792,0,143.1313354,97.56806438,ma,100
1179.376424,0.016792751,0,144.7755339,98.0522001,ma,101
994.0072721,0.017534244,0,142.7529262,97.3545775,ma,102
515.5387867,0.017280444,0,142.8764077,97.32918998,ma,103
80.13501685,0.025730415,1,141.286658,103.2044819,ma,104
87.83476202,0.021156241,0,140.6040087,100.0103216,ma,105
116.0010088,0.022328134,0,140.7156013,99.11258749,ma,106
284.6971524,0.021062056,0,141.5088788,98.58103324,ma,107
81.61860128,0.023440974,0.5,143.5431724,103.4828902,ma,108
62.00106886,0.019570793,0,142.2106269,100.9537438,ma,109
72.31138723,0.01925398,0,140.1787623,101.6572843,ma,110
30.39303521,0.028677306,0,140.8386026,103.8038731,ma,111
53.97416404,0.020414207,1,142.2514742,103.1552897,ma,112
71.51641094,0.020437892,0,141.9596966,101.8986424,ma,113
134.5088282,0.021042213,0,144.9386847,102.4244184,ma,114
22.49348851,0.025736092,0,143.416453,108.5116348,ma,115
17.82362302,0.02668378,0,141.4951082,111.2746018,ma,116
101.1648412,0.020459634,0,141.5195736,101.5251835,ma,117
126.0662657,0.016565363,0,141.4899028,98.89501194,ma,118
70.57215305,0.020545507,0,144.3052833,105.1890423,ma,119
172.9666137,0.019036649,0.5,142.6891545,101.1528508,ma,120
143.5743491,0.022501623,0,145.0946978,102.2457094,ma,121
156.9503684,0.022725125,0,143.027091,102.6883178,ma,122
45.9994554,0.020575817,0,141.390193,102.6828258,ma,123
85.95686093,0.020746146,0,140.0112356,101.1677632,ma,124
185.0503021,0.020302669,0.5,142.5987953,100.9594801,ma,125
111.464694,0.019416973,0,141.9267826,100.8021729,ma,126
33.40709919,0.019991055,0,141.4947597,102.8774199,ma,127
170.7069431,0.069852938,0,157.8656316,123.039602,ma,128
128.4547042,0.023295321,0,142.1146588,100.3827722,ma,129
19.44405525,0.028735324,0,142.9888596,104.6873949,ma,130
122.5748607,0.018764217,0,141.8231588,100.3465024,ma,131
55.79664877,0.018061879,0.5,140.5207299,101.1692381,ma,132
17.58032289,0.032277902,0,142.9414079,114.6066794,ma,133
48.62412465,0.034387316,0,142.0818232,107.2382004,ma,134
132.7280332,0.020620981,0,142.2794011,101.1347679,ma,135
152.3797532,0.018393347,0,140.4496646,99.22827364,ma,136
288.9860485,0.019594919,0,141.5710401,98.80862858,ma,137
172.492502,0.020028851,0,141.0096995,98.50402593,ma,138
114.089839,0.020048847,0,142.7887939,101.8305735,ma,139
95.52002396,0.019898235,0,141.5806131,101.3721012,ma,140
103.0761944,0.022233829,0,141.5417051,101.5770709,ma,141
167.7174986,0.016661793,0,140.6559447,99.17555917,ma,142
259.3439229,0.018082018,0,141.3276672,99.53344633,ma,143
31.54686045,0.03122639,0,140.6428999,108.4594074,ma,144
21.727298,0.033868765,0,144.6070395,115.5178559,ma,145
34.46755816,0.034018368,0,142.5593127,114.4444279,ma,146
280.3317356,0.018273047,0,141.4305269,98.65048785,ma,147
568.5863204,0.017693765,0,143.8609486,98.89382018,ma,148
500.9638204,0.016957231,0,143.1133937,98.59664915,ma,149
394.5293466,0.017278588,0,144.2288959,98.71655598,ma,150
22.58278418,0.0592238,0,141.6558784,103.8784235,ma,151
296.7202922,0.018474513,0,141.3082113,98.9933581,ma,152
64.77927516,0.02196464,0,140.5842631,102.5645187,ma,153
36.82468652,0.024174581,1,141.2651087,103.9339516,ma,154
43.8349976,0.028625012,0,141.9195959,106.7698461,ma,155
32.94753733,0.053509763,0,145.485144,111.1249432,ma,156
39.8707609,0.052069143,0.5,144.434863,110.4000585,ma,157
33.28615375,0.030720907,1,142.7205023,108.2066281,ma,158
56.4398193,0.020237551,1,138.8374807,101.6948097,ma,159
70.95833007,0.019113443,0,141.3647673,102.0532044,ma,160
56.76680005,0.017301988,0,142.5188423,102.6969699,ma,161
52.05388818,0.019820238,0,140.8176538,102.8609632,ma,162
71.86175006,0.022206285,1,143.559461,106.3580059,ma,163
42.20627121,0.024824433,1,143.8833193,108.4707692,ma,164
34.66111734,0.022058788,1,141.5816213,106.9065451,ma,165
56.90278707,0.024218043,1,145.2236624,107.129995,ma,166
92.50093984,0.02626109,1,144.7276208,108.2129218,ma,167
82.88247711,0.01835149,1,142.9628667,102.9890002,ma,168
60.20877888,0.071758692,0,147.9156692,116.2068489,ma,169
2752.599746,0.059286502,1,165.2820898,119.9220284,ma,170
50.57713922,0.038642913,0,149.2975035,112.8021656,ma,171
228.5932808,0.016385804,0,141.2134709,98.91048103,ma,172
284.3475625,0.016663134,0,142.4503057,99.07360833,ma,173
430.2966718,0.017617827,0,143.017932,99.23554484,ma,174
137.7895294,0.021256304,0,140.2896515,99.11874209,ma,175
75.32409942,0.032028146,0,141.082355,101.5414546,ma,176
121.8826413,0.019734252,0,141.0007926,99.78611117,ma,177
52.81126021,0.021455892,0,141.7563886,102.6910885,ma,178
63.97833926,0.025220701,0.5,145.8511429,106.2763649,ma,179
21.39382958,0.038928897,0,142.6615814,105.3807364,ma,180
52.07404326,0.025150926,0.5,142.8119229,104.5408946,ma,181
25.04250154,0.034523595,0,140.5601973,113.1533095,ma,182
16.62717207,0.037011283,0,148.3236277,117.8076043,ma,183
134.3992496,0.017234734,0,140.3701693,99.23685448,ma,184
43.14557174,0.019481609,0,141.6832535,103.0501313,ma,185
75.62690368,0.016811279,0,140.5745848,100.5612751,ma,186
82.65776865,0.017314341,0,141.1596997,101.4296649,ma,187
756.5655161,0.017908311,0,146.751186,100.5721351,ma,188
148.7068226,0.02157507,0.5,145.3106882,103.8956483,ma,189
47.71344376,0.027531698,0,142.6583486,106.4934095,ma,190
129.9167543,0.024640144,1,146.9115765,105.1535469,ma,191
52.81961272,0.018831918,1,142.944153,102.5944021,ma,192
65.58920692,0.033322497,1,143.379425,109.4802936,ma,193
19.45653932,0.050445664,0,145.7056026,116.0062334,ma,194
17.69033257,0.036496962,0,146.8339959,117.0537218,ma,195
40.17952097,0.028536811,0,140.7097506,105.4478547,ma,196
159.9708949,0.017153645,0,142.8916965,101.2385042,ma,197
132.6114825,0.01788774,0,142.9999374,101.0531828,ma,198
111.7351993,0.019532768,0,141.2585514,100.4515098,ma,199
451.914402,0.021203885,0,146.7338639,101.0013568,ma,200
78.02348102,0.018760318,0,141.118099,102.1875243,ma,201
17.34486129,0.042845002,0,142.1033007,107.7286424,ma,202
23.89571939,0.027923149,0,142.7454223,110.4619663,ma,203
194.1936185,0.040249228,0,148.7613279,110.2659207,ma,204
135.2658181,0.033530216,0,145.4935131,105.2902907,ma,205
41.82440984,0.018179672,0,141.5674298,103.2417752,ma,206
3302.063286,0.053746475,1,167.4981377,122.2225014,ma,207
3135.295081,0.048455234,1,169.2511093,124.2443972,ma,208
41.97261136,0.019109531,0,141.6962138,104.1922313,ma,209
42.27250486,0.017405466,0.5,141.741926,104.7362269,ma,210
54.62242489,0.016441118,0,142.2575957,103.023561,ma,211
57.16024343,0.017518056,1,141.4987507,104.3884543,ma,212
92.23751566,0.019005562,0,144.854977,105.7011331,ma,213
152.8687421,0.020198445,1,147.3788417,105.3137686,ma,214
75.44946797,0.018268087,1,142.72153,105.0775198,ma,215
56.43374134,0.023639614,1,144.99535,107.5037555,ma,216
299.4207013,0.031306763,1,146.4611272,109.7005016,ma,217
227.529642,0.016816968,0,141.7160196,98.26553885,ma,218
20.9592575,0.036538356,0,144.1912159,115.8111034,ma,219
1578.216834,0.048568147,0,164.506293,120.377958,ma,220
198.2875341,0.017264352,0,141.7794698,99.46447989,ma,221
368.9062139,0.016840215,0,142.8278822,99.70740037,ma,222
526.3478548,0.017625582,1,145.4475521,99.96036029,ma,223
32.74359499,0.057112222,0,142.8647149,102.8094173,ma,224
166.9987146,0.016898833,0,142.0246767,99.29294161,ma,225
185.3915549,0.026116295,0,146.4269036,104.9971654,ma,226
30.42367081,0.027005522,0,143.137956,109.2127375,ma,227
33.14294048,0.029118518,1,145.4474456,111.7169037,ma,228
546.5224035,0.034159965,1,153.783413,113.9297185,ma,229
540.7644292,0.031225579,1,154.466828,115.5966748,ma,230
581.2793776,0.033839645,1,152.7058025,113.1505972,ma,231
1651.476976,0.04546678,1,165.6584839,121.7238177,ma,232
50.66738126,0.051738249,1,145.7950753,115.5386393,ma,233
48.03019429,0.022782217,1,142.5883427,108.1917541,ma,234
84.51876781,0.014926245,0,141.6794837,102.0123869,ma,235
81.76565224,0.014903018,0,142.2345079,101.5664088,ma,236
252.5016087,0.02277996,0,149.9671076,107.4070593,ma,237
84.64328386,0.022988761,0,144.1541129,108.169915,ma,238
48.87168762,0.020831783,1,144.3436432,109.3626995,ma,239
25.65580614,0.022081524,1,145.0278622,111.512287,ma,240
70.8899971,0.024099087,0,145.0746997,110.2937343,ma,241
377.2807768,0.027026431,1,151.1385795,112.4637411,ma,242
214.6840264,0.022937475,1,147.5179819,109.6674439,ma,243
1612.934419,0.047634311,1,169.433997,126.7562572,ma,244
2412.130298,0.063889234,1,167.5240322,122.7188305,ma,245
30.0118432,0.024274414,1,144.8028088,109.4881707,ma,246
52.53690287,0.022699015,1,141.3960782,106.7375996,ma,247
40.83329615,0.018933641,0.5,142.9396746,109.0333339,ma,248
27.60351755,0.025099591,1,141.8494967,115.2640921,ma,249
32.30876552,0.025791854,0,143.3001548,114.5659809,ma,250
23.23605921,0.02098401,1,141.8900121,109.6835879,ma,251
16.80581461,0.017831296,1,141.2531833,107.3490014,ma,252
13.96449545,0.017027112,1,140.3857425,106.9794656,ma,253
24.19428037,0.016648833,1,141.7414973,105.4624714,ma,254
20.41240193,0.024484832,1,143.8860259,112.6572735,ma,255
3693.848069,0.041096201,1,171.3462613,126.7401177,ma,256
22.98062146,0.029830023,1,143.9880796,112.0351739,ma,258
28.71452923,0.019436141,1,141.843472,107.2837214,ma,259
39.93994709,0.018954657,0,142.5806248,104.1545604,ma,260
180.3659646,0.017076836,0,143.698836,101.6020192,ma,261
1521.962321,0.018858891,1,148.3304385,100.5155525,ma,262
326.0988905,0.018730033,0,143.6431731,99.80207416,ma,263
183.3203393,0.018084578,0,142.4178164,99.34473462,ma,264
217.8314788,0.017146863,0,142.6126339,98.77942085,ma,265
294.1396772,0.017152964,0,143.3915704,98.95674983,ma,266
134.1880621,0.018474659,0,141.1135585,97.52979256,ma,267
23.9818206,0.033788304,0,142.5160808,111.3615836,ma,268
23.92525285,0.032865776,1,142.4818216,111.5433683,ma,269
421.7091963,0.021388109,0,145.1171351,100.0626921,ma,270
26.59782487,0.057790688,0,143.1828771,114.4992953,ma,271
54.66462771,0.047936409,0,144.6382211,103.1835976,ma,272
183.1076843,0.017492562,0,142.3591517,99.66307011,ma,273
527.3217688,0.018874405,0,145.1848562,99.45523161,ma,274
136.2511942,0.024448865,0,143.0741182,100.6696426,ma,275
54.9096901,0.023385597,1,142.2271759,103.1111221,ma,276
46.63451076,0.023067181,1,140.7166387,102.4647225,ma,277
105.3330128,0.017549008,0,140.1534706,99.23004674,ma,278
43.79646889,0.03057774,0,140.9589745,101.6900633,ma,279
45.95354473,0.032471168,0,140.5623062,100.6866807,ma,280
58.47551073,0.033407952,0,140.1168186,105.7499578,ma,281
64.45970765,0.037181709,0,141.4109765,106.163343,ma,282
108.2038178,0.022514939,0,143.7258063,101.8899828,ma,283
121.0691085,0.020024793,0,142.4331849,101.6795498,ma,284
86.41757033,0.017137382,0,140.7207872,100.6273207,ma,285
186.734144,0.017524788,0,142.7678929,100.682969,ma,286
183.3067116,0.017606035,0,141.6431716,99.3992929,ma,287
100.7589615,0.017256801,0,140.8860372,100.1119993,ma,288
4.421087201,0.016507789,0,142.535993,110.1111821,ma,289
79.352189,0.019610635,0,142.0574531,102.7370631,ma,290
135.4247246,0.021144976,0,141.4988001,100.4209284,ma,291
304.971113,0.018040537,1,142.6232072,98.73422358,ma,292
156.4981363,0.017994461,0,141.0147425,98.97356839,ma,293
14.36286979,0.0199135,1,143.2438178,114.2987291,ma,294
33.60592548,0.01669927,0,142.9091723,105.3848326,ma,295
51.32578777,0.0218794,0,141.5364621,102.9912952,ma,296
58.56074795,0.02383321,0,142.1011061,103.0711914,ma,297
33.50706945,0.025483461,0,144.2555364,103.9579657,ma,298
116.0123795,0.025059064,0,143.0010084,101.5874139,ma,299
68.73127211,0.022682656,0,141.2148679,102.8938424,ma,300
109.5870107,0.022057516,0,141.7310411,100.3060388,ma,301
196.2149894,0.070436398,0,158.688554,119.1160199,ma,302
3599.895413,0.049358591,1,160.2646371,113.9574196,ma,303
2094.010298,0.051383103,1,164.6697211,121.0652316,ma,304
2457.072207,0.042223935,1,165.6148107,120.8807886,ma,305
6.260212514,0.029161016,0,140.9722288,116.6222585,ma,306
74.48079882,0.026233851,0,141.9351459,102.5082021,ma,307
438.9475029,0.018747444,0,142.628764,99.31804639,ma,308
234.1916271,0.01680733,0,141.2014905,99.30747569,ma,309
128.9684077,0.015523796,0,140.9807176,100.0335138,ma,310
231.0032315,0.018205555,0,141.4068624,98.8887041,ma,311
245.7229716,0.017230583,0,141.1410247,98.78690381,ma,312
115.6373861,0.016293036,0,140.2673393,99.25017831,ma,313
106.7718212,0.015613438,0,140.6314258,99.69693275,ma,314
490.1029111,0.015495852,0,142.0822433,97.83750969,ma,315
224.3352463,0.016468357,0,140.8496514,97.74394463,ma,316
32.09049679,0.039558205,1,141.0629742,111.2462322,ma,317
17.06171687,0.035262318,0,143.6574846,116.2215509,ma,318
21.94806289,0.036624525,0,142.5458438,114.3439022,ma,319
133.2938647,0.020281535,0,140.7947137,99.74099456,ma,320
260.3539319,0.017860555,0,142.7696672,99.41770859,ma,321
937.1064168,0.020444023,1,145.6418411,99.52672739,ma,322
322.3327817,0.032413645,0,150.4715392,103.6051908,ma,323
132.254858,0.032858966,0,146.6766555,104.3125578,ma,324
201.1352214,0.028570375,0,145.7839031,103.544717,ma,325
367.3672995,0.020837846,1,143.475432,101.1287303,ma,326
330.6648063,0.03251574,1,148.08109,105.9625981,ma,327
280.3906692,0.016275732,0,143.0161995,99.97541225,ma,328
20.94189059,0.040060493,0,142.4681004,115.528061,ma,329
16.5035749,0.036502507,0,142.8911233,116.0428789,ma,330
14.71085894,0.033400265,0,142.4610473,116.8143911,ma,331
421.821641,0.016560452,0,142.4255705,98.00598218,ma,332
405.7107454,0.01600881,0,141.0783745,97.90556532,ma,333
320.3748204,0.017657259,1,142.1066162,98.53865379,ma,334
254.7871539,0.017779477,0,141.541122,98.60199518,ma,335
820.9788482,0.017111324,0,142.8884908,97.97738232,ma,336
165.4915977,0.019530977,0,143.9624905,100.5337182,ma,337
195.585888,0.018431811,0,143.0562454,100.3917142,ma,338
3609.746157,0.017856664,0,148.8323971,99.56988882,ma,339
995.8973707,0.015642399,0,143.5134126,97.83428814,ma,340
1106.138408,0.015685211,0,143.4673282,96.80144121,ma,341
88.00462429,0.025704979,0,140.9689997,104.2628373,ma,342
172.7857366,0.030245597,0,143.283305,106.0889058,ma,343
117.860002,0.034816513,0,146.8241495,107.278474,ma,344
129.0333034,0.033767772,1,144.8989494,108.44475,ma,345
8.806713564,0.093933472,0,143.1530394,114.272378,ma,346
366.9609593,0.019354296,0,143.2662761,99.46830171,ma,347
944.0279353,0.018848433,1,145.2969937,98.76868618,ma,348
147.0392132,0.024062935,0,144.5557669,102.1420686,ma,349
135.7441646,0.021162961,0,143.1296439,101.1032083,ma,350
51.8374244,0.022368939,1,139.3791914,102.2465383,ma,351
78.66501737,0.031197629,0,144.2818857,108.9487307,ma,352
27.37554286,0.021728649,0,141.4755457,106.2438974,ma,353
48.49508199,0.02162494,1,143.2504082,103.6544747,ma,354
19.92059013,0.028707084,0,141.3044539,112.4285159,ma,355
47.17806086,0.027293647,1,143.3881865,108.723091,ma,356
77.05373076,0.019783919,0,141.6125104,102.2538132,ma,357
42.52768068,0.021978638,0,141.5397095,104.3362945,ma,358
155.8148877,0.020755772,0,146.911555,103.4821504,ma,359
29.55688355,0.022157325,0,141.3478878,106.2597475,ma,360
571.2773619,0.017444449,0,146.2896902,98.01955999,ma,361
48.69186766,0.02164078,1,140.8952948,103.8433634,ma,362
131.9229724,0.018894622,1,142.9385198,101.1073823,ma,363
231.992991,0.015718669,0,139.681287,97.23436825,ma,364
513.8401886,0.019154069,0.5,144.9890503,100.0595464,ma,365
260.9552536,0.020431642,0,143.9833085,99.16708006,ma,366
34.5267162,0.033730419,0,143.3042004,105.3194695,ma,367
18.86130406,0.060649036,0,142.3478098,106.5086662,ma,368
50.18221997,0.033711069,0,142.2323306,108.9855938,ma,369
22.79592436,0.0297856,0,141.4381742,109.9854937,ma,370
35.79947907,0.029184942,1,143.6647652,110.6076552,ma,371
29.08190889,0.047384409,0,142.6087498,107.8519738,ma,372
27.03418515,0.04562691,0,142.4073593,104.4000052,ma,373
33.04323173,0.02460997,0,144.0956417,106.2631149,ma,374
25.60347826,0.02929234,1,145.218852,115.0715138,ma,375
33.35451254,0.034129569,1,145.788713,112.6667147,ma,376
19.75519338,0.038039937,0,143.4703844,111.2829274,ma,377
82.09917238,0.018036962,0,142.6938814,101.8247091,ma,378
199.1266339,0.017060066,0,141.429445,99.1978506,ma,379
18.08121274,0.022679745,0,141.3986778,108.38358,ma,380
58.37547832,0.020625018,0,143.6008372,104.3264585,ma,381
361.2121181,0.017169889,0,142.7037111,99.25958389,ma,382
377.7936747,0.015764556,0,141.5420603,98.15564531,ma,383
189.4717676,0.018059271,0,141.7929687,99.69664213,ma,384
347.9806572,0.01668223,0,141.8411463,98.30839073,ma,385
296.8552885,0.015589297,0,141.5797789,97.97123731,ma,386
215.372265,0.017302451,0,142.3659162,99.58247493,ma,387
71.56244527,0.021946116,1,143.1975064,104.306153,ma,388
70.12778804,0.023404493,1,144.0772429,103.8470298,ma,389
274.94917,0.02079349,0,145.4563903,101.4875289,ma,390
26.50754733,0.026504179,1,141.497869,107.1576443,ma,391
59.44593208,0.024368869,0,144.0211981,105.0684349,ma,392
966.2213923,0.020796298,0,146.0662376,99.71141429,ma,393
115.126887,0.028671475,1,143.5936246,102.6149649,ma,394
137.7653476,0.022318752,0,141.2917034,100.768063,ma,395
60.87343519,0.029117148,0,141.4239787,101.0467599,ma,396
58.2852404,0.030745031,0,144.2392739,104.6929459,ma,397
55.86178516,0.022721735,0,141.7467974,100.7090747,ma,398
71.90884856,0.018544546,0,140.4634029,100.5918325,ma,399
94.46217481,0.020187629,0,140.8031452,100.1250044,ma,400
199.5086222,0.020032968,1,142.624263,101.446165,ma,401
29.69856635,0.02575342,1,140.12561,108.4739737,ma,402
95.41093045,0.018967609,0,141.1498613,99.62956495,ma,403
245.8762072,0.018880488,0,142.2429423,99.49930064,ma,404
383.836547,0.015767107,0,141.0475458,97.62206032,ma,405
326.0128665,0.016364646,0,140.5885888,97.8717177,ma,406
331.4376413,0.016302928,0,141.13218,98.02629881,ma,407
159.313575,0.015902058,1,138.9979618,97.686552,ma,408
230.8471785,0.013353655,0,136.3007815,94.87099694,s,1
157.0630294,0.013774275,1,136.8677445,94.71971021,s,2
160.9888208,0.013465948,0,135.9314329,94.78141322,s,3
100.9602472,0.015907308,0,135.3203295,95.90312228,s,4
81.39975313,0.014955798,0,135.7956348,96.78648145,s,5
45.47989375,0.016469682,0,136.1156566,96.86022385,s,6
104.9101134,0.022998323,0,135.3314179,95.14441512,s,7
28.35025794,0.030886861,0,136.3167634,97.28492589,s,8
24.20726182,0.048718229,0,137.7075262,101.9364035,s,9
95.32836895,0.015761894,0,135.6244483,95.18972055,s,10
104.53908,0.014109745,0,135.3496846,95.15299545,s,11
41.09300021,0.018224918,0,134.9476138,96.59344055,s,12
24.62438289,0.019044449,0,133.9619313,96.91186918,s,13
19.67027159,0.023319231,0,137.0637079,100.3118917,s,14
70.20479715,0.054911995,0,157.0832954,125.3132572,s,15
14.48887002,0.024639915,1,136.9643076,111.2244112,s,16
16.95459848,0.021741566,0,138.1675945,110.2535521,s,17
9.945299441,0.038596706,0,138.0436899,107.0510808,s,18
15.12223004,0.014183488,0,137.6217874,102.9073409,s,19
25.39202612,0.013977662,0,137.0441815,102.1182393,s,20
19.38011546,0.01353615,0,139.6963904,102.9198127,s,21
249.4834365,0.015700918,0,142.8929295,103.564002,s,22
943.6327202,0.02288351,1,146.7411384,107.3164938,s,23
1110.05687,0.020804302,0.5,145.3144562,102.9480141,s,24
75.1493268,0.014922314,0,140.0148821,99.63999559,s,25
42.84872334,0.014117716,0,138.2976141,99.93243063,s,26
56.42934514,0.013840844,0,136.2705164,97.47499755,s,27
403.7711791,0.013936322,0,140.4138652,96.20128942,s,28
43.39457505,0.013628472,0,137.5483045,97.43068493,s,29
88.89160055,0.013651718,0,135.5243696,96.39406992,s,30
37.49085861,0.015279687,0,136.9067265,100.2017765,s,31
10.76017301,0.016960219,0,137.3263626,102.2778246,s,32
8.776089174,0.027580241,0,136.2251916,104.0384171,s,33
14.46602336,0.017763457,0,140.0703215,101.0235052,s,34
331.1803907,0.018669107,1,140.2287534,100.1905318,s,35
1299.902745,0.023539844,1,145.1194661,105.7042938,s,36
226.8842513,0.022792336,0,140.1454906,100.9018936,s,37
692.2906488,0.017467857,0,140.093873,99.04215446,s,38
15.00261629,0.030374538,0,138.1828445,107.0254687,s,39
9.899398405,0.017099098,0,134.0780375,101.3355041,s,40
8.987180222,0.045491234,0,136.9345225,107.4204749,s,41
16.62553605,0.01735408,0,137.2404004,100.5074714,s,42
254.3311245,0.024901777,1,141.4484425,105.0977939,s,43
62.509843,0.016215532,0,138.1608902,98.02335559,s,44
825.7670722,0.040789837,1,144.8816389,104.3386023,s,45
1133.10424,0.030001897,1,145.7125738,105.2154803,s,46
979.7420422,0.041434516,1,147.0737155,104.8876271,s,47
861.248623,0.022653223,1,141.9472037,100.6051378,s,48
252.0561076,0.013618705,0.5,138.8571876,96.50191401,s,49
149.3449446,0.013831392,0,137.9440128,96.14151732,s,50
176.3352721,0.01373251,1,137.4662116,96.11282404,s,51
41.4601624,0.019664735,0,138.7327688,102.6812318,s,52
241.0964305,0.013699428,1,137.8481767,95.396583,s,53
24.55842805,0.016030562,0,136.5170304,99.40580449,s,54
109.3589898,0.016687489,0,137.8410877,96.67776144,s,55
13.30739605,0.035556696,0,136.5291682,104.182464,s,56
53.52292456,0.054224173,0,142.3424402,104.0564632,s,57
40.87683934,0.020390289,0,139.4137711,100.7838195,s,58
9.826774246,0.015546397,0,136.6673642,101.8284507,s,59
32.47987498,0.018185312,0,138.53799,101.0219484,s,60
11.14175958,0.042828117,0,137.9265653,108.2501641,s,61
19.96352994,0.03352097,0.5,142.4716209,108.8958684,s,62
12.88970216,0.021750306,0,137.9600926,103.9901624,s,63
10.34414303,0.021553186,0,136.0502736,104.7702827,s,64
15.99349216,0.031401614,0,137.6595264,103.9826108,s,65
164.7951045,0.039881887,1,151.7778735,117.733716,s,66
1775.096321,0.044777792,1,164.9487663,123.5433592,s,67
362.9024844,0.018943534,0,139.4895821,98.31314607,s,68
132.8183262,0.01569821,1,136.6309506,99.00057782,s,69
183.8885809,0.015205131,0,137.4986939,96.76568308,s,70
92.13060838,0.014127822,0,136.5605207,96.5337468,s,71
1444.59373,0.026893513,0.5,145.6823414,104.4951048,s,72
151.5311489,0.019529559,1,139.2487879,100.232683,s,73
820.9004821,0.01631349,1,141.0983068,97.15542526,s,74
279.1854794,0.01426818,0.5,138.7338247,95.75633778,s,75
181.7970817,0.015114497,0,138.74551,97.09935314,s,76
338.3356379,0.013732569,0,139.6467523,95.91736238,s,77
56.76034675,0.017984469,1,137.4374481,98.81948272,s,78
14.27905256,0.023682725,0,137.0414254,104.4439793,s,79
10.84035218,0.044897634,0,143.4029444,118.5823982,s,80
22.25948872,0.025116969,0,136.6732534,105.8465801,s,81
22.4820143,0.042713446,0,141.6620946,106.8396852,s,82
21.83861703,0.02481059,0,138.7482997,105.9011918,s,83
159.5250233,0.034889973,0,142.2150633,107.105205,s,84
46.27769289,0.024566048,0,137.9392601,105.3819899,s,85
100.5566009,0.027685513,0,139.9346034,102.9404967,s,86
153.5886782,0.022096034,0,139.8820211,101.4127191,s,87
128.1378867,0.023513782,0,138.2878344,101.7602925,s,88
167.0294306,0.014624158,0,138.1877693,96.89038031,s,89
248.6131782,0.023055758,0,141.4002859,98.47808327,s,90
38.35180365,0.02275784,0,138.7855283,105.2717818,s,91
229.0767734,0.014825189,0,138.8387272,96.84560305,s,92
418.0985838,0.020179653,0,140.9333993,98.21152419,s,93
658.8488786,0.016318059,1,142.4882289,98.28138725,s,94
393.5519815,0.021315841,1,140.7908409,98.37765485,s,95
934.3220073,0.023948824,1,142.1268281,101.8353239,s,96
288.4431011,0.015416476,0,139.6740745,96.67971953,s,97
347.4543744,0.014317895,0,139.5732071,96.28840458,s,98
608.670821,0.014425786,1,141.3637157,96.39099226,s,99
308.9303245,0.014290271,1,138.8843461,96.10470666,s,100
218.5772623,0.013707472,0.5,137.6215679,96.02568383,s,101
593.7510853,0.0145355,0,141.0926003,96.26285988,s,102
58.20819173,0.051915377,0,139.2019802,102.1221362,s,103
284.9658259,0.023790287,1,139.8491929,101.7446157,s,104
804.2145417,0.042204751,1,143.9099477,104.0211492,s,105
211.2483471,0.02717002,0,139.8204076,103.3815235,s,106
73.037745,0.029338682,0,142.0318318,103.3141689,s,107
24.46944687,0.040871177,0,141.0807514,111.3505229,s,108
35.83170437,0.030556193,0,139.3532446,105.6149754,s,109
362.5880484,0.017857472,1,140.2699016,96.83622051,s,110
150.2786468,0.021757784,0,138.4388923,97.9617762,s,111
126.8655742,0.045752313,0,140.3885278,102.5714836,s,112
483.2581878,0.03129798,0,140.7119292,101.6872128,s,113
1689.096052,0.035100183,1,147.0554835,107.2524782,s,114
171.6913683,0.015014871,0,139.4775884,97.07786075,s,115
43.82357881,0.020084434,1,138.2614723,100.9279094,s,116
46.94715169,0.019182759,0,137.5610207,99.07722411,s,117
71.51393009,0.020340952,0,137.76628,98.68607368,s,118
73.83504885,0.020175285,0,137.194425,98.99621023,s,119
228.7128459,0.015147667,0,138.5134004,96.78010889,s,120
149.8999261,0.015808219,0,139.3034697,97.33306671,s,121
67.49967926,0.014665528,0,138.9562074,99.03296636,s,122
80.3927191,0.01458388,0.5,140.978686,99.91283226,s,123
86.05602326,0.014733719,0,140.70575,100.102275,s,124
361.1144014,0.022204117,0,145.1384801,101.078037,s,125
1428.266192,0.029401034,1,148.9364665,110.1413861,s,126
1502.185973,0.038171161,1,148.6802173,110.3938748,s,127
72.48538172,0.014967555,0,138.7015165,98.70904843,s,128
68.94084186,0.015206192,0,137.9157719,98.70485602,s,129
24.37214287,0.025280318,0,138.1919975,103.0108818,s,130
31.741459,0.018666483,0,137.518411,100.6379468,s,131
79.35293244,0.015903067,0,140.8250033,99.52816685,s,132
51.83675573,0.014393768,0,137.0822708,98.27583838,s,133
218.2225433,0.015429703,0,142.2458585,98.06864021,s,134
128.4184571,0.01633816,1,140.5777722,98.98162476,s,135
132.6088892,0.015588047,0,139.7504673,98.72673436,s,136
75.90587557,0.015176316,0,138.3261966,98.06107201,s,137
79.01508101,0.016745718,0,139.0326598,98.69093539,s,138
227.7387138,0.015964418,0,140.9529048,98.11449534,s,139
209.1849123,0.015703112,0,140.6749912,97.7743756,s,140
66.66107435,0.020686526,1,139.0371582,100.8816206,s,141
130.158287,0.018894567,1,141.1835644,99.47704324,s,142
51.08327725,0.024681216,1,138.2210356,100.7046549,s,143
68.27359526,0.018629258,1,138.6233953,98.78011395,s,144
137.1177483,0.017798103,1,139.250994,97.28306252,s,145
2931.104975,0.014791175,1,146.3235675,96.72407545,s,146
332.3814568,0.014349972,0,139.423999,96.75518307,s,147
479.8228067,0.014197862,0.5,142.677567,97.29198199,s,148
1608.574362,0.018340091,1,143.6066794,98.69579074,s,149
133.2142178,0.018549366,0,141.8945169,98.06169714,s,150
130.3946052,0.017899059,0,138.0396727,97.56513698,s,151
314.790224,0.048761927,1,146.185828,106.4469231,s,152
14.03495863,0.030142376,0,138.3025444,102.03648,s,153
34.68460721,0.021632928,1,136.8740215,99.70575161,s,154
12.19186167,0.032162563,0,137.4603531,101.6328443,s,155
11.2310464,0.058196249,0,140.7197359,109.8532841,s,156
49.03504584,0.032123512,0.5,140.762221,100.5842617,s,157
203.668505,0.025278223,0,140.9899049,100.6573809,s,158
158.4717466,0.022865946,0,141.9478497,99.63436005,s,159
53.34617252,0.015875932,0,139.5133238,100.0375041,s,160
20.05975216,0.028443629,0,138.8204229,102.1171242,s,161
76.15578527,0.013759644,0,141.1682351,100.2672669,s,162
43.89445023,0.013479374,0,140.2467655,101.8209224,s,163
59.07823048,0.01343071,0,139.4865004,99.99554368,s,164
65.63927177,0.013718941,0,139.4158774,99.15089995,s,165
70.5108023,0.013653574,0,138.1551358,98.78599361,s,166
57.76099445,0.013938236,0,138.7935617,99.53435836,s,167
80.8081787,0.017336778,0.5,142.0952774,101.3393767,s,168
75.60250623,0.013943571,0,139.8673128,99.40083097,s,169
275.9259772,0.014805409,0,139.5985866,97.19265285,s,170
374.2832594,0.014278507,0,140.3279463,96.58812983,s,171
478.5488592,0.014588693,0,142.3597311,97.38519561,s,172
255.623052,0.01367404,1,141.308814,97.35552516,s,173
274.7407238,0.01385605,0,140.7652264,97.39954774,s,174
33.22792533,0.022318555,0,141.4122331,103.1073651,s,175
20.26905808,0.029481118,0,140.7696098,104.9507259,s,176
30.88913791,0.033528771,0,139.2768742,100.8579009,s,177
34.76116625,0.041182769,0,139.6345491,100.9285054,s,178
70.91515204,0.017193277,1,138.6609825,98.9617041,s,179
74.15466694,0.023173249,0,140.5834119,100.6302272,s,180
133.3500034,0.021542186,0,143.0481069,100.4127432,s,181
236.1697649,0.015833091,0,140.7534118,97.91053291,s,182
45.9116177,0.028046822,0,140.1262374,101.0488512,s,183
299.5884937,0.014375057,0,141.3654813,97.80019026,s,184
1154.739628,0.028406478,1,145.6493232,106.4427771,s,185
488.5302229,0.014889774,0,142.648129,98.54693511,s,186
1646.605313,0.027368775,1,146.5631356,105.2813937,s,187
323.2646845,0.014182521,1,140.6211225,98.02742364,s,188
325.6749081,0.014655502,0,140.5375197,97.5858835,s,189
228.1144711,0.015822082,0,141.0427158,98.73577924,s,190
164.3630076,0.016102119,0,140.1871445,99.10259251,s,191
76.45920662,0.015731934,0,139.0510068,99.19916348,s,192
195.5441948,0.016811426,0,140.4135365,98.13565168,s,193
151.4207119,0.027934983,0,140.6568243,99.29146592,s,194
423.3430587,0.015093486,0,141.1981387,97.04429802,s,195
168.0792025,0.019975691,0,140.8740408,98.37559187,s,196
281.8907055,0.014296329,0,140.6412083,98.33740481,s,197
368.4259252,0.014515896,0,141.4324238,98.01610051,s,198
294.7027943,0.01634934,0,142.7058225,98.49641032,s,199
198.7539184,0.037037363,0,141.1968831,98.89479247,s,200
280.5231064,0.014597214,0,141.4166,97.73122346,s,201
67.1881411,0.039475413,0,142.4567126,100.3745623,s,202
123.2518723,0.015614111,0,139.9345671,96.97947289,s,203
56.37679539,0.014422854,0,140.2915577,100.0700884,s,204
121.627171,0.018114731,0,142.6170651,101.4488708,s,205
89.04647974,0.016448817,0,141.2865906,102.688372,s,206
25.69598444,0.014795852,0,141.220188,103.4184859,s,207
43.33597189,0.015319743,0,140.3620216,102.391425,s,208
52.55099948,0.01639385,0,142.1530955,104.7721944,s,209
67.69390135,0.013757278,0,141.3709543,100.9546913,s,210
336.2525836,0.014594582,0,143.8839013,99.82490541,s,211
150.8623542,0.014294037,0,141.7126897,100.7137041,s,212
148.5429839,0.013937372,0,142.6279855,100.3938917,s,213
182.7475414,0.015706451,0.5,141.474485,99.68312432,s,214
119.3570245,0.015102459,0,140.8843945,99.38991363,s,215
166.1905108,0.016752877,0,139.9864559,99.04129788,s,216
200.5787428,0.016935178,1,141.0607636,97.97791813,s,217
154.4324875,0.016925577,0,139.4502306,97.65173733,s,218
543.088759,0.016292094,0,141.0025589,97.0845998,s,219
545.3567747,0.014368309,0,140.8523354,96.28743785,s,220
524.2145517,0.014444737,0,141.3571671,96.76163367,s,221
1961.285601,0.022459426,1,145.8139826,104.1614051,s,222
1940.009457,0.024701956,1,146.0135272,105.3229496,s,223
206.0432386,0.013860163,0,140.8595328,97.97402412,s,224
181.7331992,0.013773772,0.5,141.115343,97.41035146,s,225
184.5506802,0.01693716,0,139.9618847,97.94938636,s,226
45.87578676,0.027995694,0,140.4315169,108.4958737,s,227
56.04102079,0.014693707,0,137.1929359,98.45450583,s,228
20.7895068,0.013889384,0,138.5282484,101.4081101,s,229
20.54640678,0.014457217,0,139.7052103,103.18639,s,230
14.0926365,0.013313948,0,138.5717696,102.2880616,s,231
20.06903718,0.013388087,0,138.6599662,101.6903354,s,232
38.01152699,0.014034455,0,141.2265724,102.6901279,s,233
43.43116029,0.013367044,0,141.1867775,102.4596864,s,234
53.19519872,0.014590704,0,140.9468871,101.4926201,s,235
244.8599861,0.013754751,0,142.5011915,100.0480356,s,236
100.7034861,0.014149389,0,141.0989195,100.3374496,s,237
321.4578584,0.015298366,1,142.7365161,99.90167511,s,238
46.73809392,0.014322672,0,139.6270825,100.0702547,s,239
20.64258612,0.014429398,0,139.1727915,102.6301561,s,240
37.99177154,0.015155888,0,141.1698516,103.5561056,s,241
12.35280135,0.013653368,0,137.8898752,102.5166264,s,242
29.50571447,0.013878088,1,142.3243391,104.1833495,s,243
13.74521666,0.013415899,0,140.664963,105.0388737,s,244
14.41136911,0.013905055,1,141.0741138,105.2865476,s,245
18.56225981,0.013542093,0,140.6917349,103.9064628,s,246
142.0319659,0.016097703,0,144.7684935,102.5838554,s,247
205.5850184,0.014528649,1,147.0789335,103.5308496,s,248
9.845367004,0.013556569,1,139.7007145,105.1910711,s,249
525.4931273,0.014092938,0,149.7637568,103.1837473,s,250
114.4357954,0.014613374,1,144.3665376,102.7160153,s,251
19.31457481,0.014558495,0,141.0207871,103.9985383,s,252
11.78269045,0.014243007,0,138.7432269,104.8290768,s,253
19.12924577,0.014974922,0.5,140.8045731,104.8080557,s,254
3013.490784,0.045435449,1,162.9581775,121.0515268,s,255
9.24288507,0.014726803,0,140.3114893,106.3613961,s,256
12.29495249,0.013875739,0,140.332701,104.6934184,s,257
636.0882955,0.019901722,1,148.5255651,107.2744193,s,258
9.926844199,0.014194618,0.5,139.2401148,104.383109,s,259
16.46635365,0.014439148,0,139.2152981,103.3093962,s,260
90.82884799,0.014839358,0,141.0896465,100.4297082,s,261
1893.380538,0.032598395,1,148.7199805,108.173203,s,262
166.7551626,0.014948965,0,140.6140737,98.01497034,s,263
1870.457209,0.033600154,0,149.209968,108.4475813,s,264
2024.772544,0.032918472,1,149.9061671,109.6401085,s,265
2223.493551,0.041396181,0.5,149.0496181,108.0404528,s,266
1848.452621,0.035915645,1,149.2290738,108.0735004,s,267
2226.676585,0.03175066,1,148.54284,108.1422354,s,268
2243.889275,0.035272477,1,147.930507,107.0490749,s,269
1783.483872,0.029562777,1,148.0742142,109.2329142,s,270
176.7966138,0.025895043,0,144.4672221,103.9716314,s,271
16.43083448,0.042449119,0,140.6650499,102.2482944,s,272
53.02736071,0.03101109,0,138.7959858,100.2919871,s,273
55.34635887,0.021898608,0,139.8003441,98.31540587,s,274
34.76440605,0.028514686,0,139.4421284,98.88757959,s,275
15.23219884,0.06627551,0,137.9569343,105.7377538,s,276
44.26923761,0.02023104,0,140.3879903,98.88601825,s,277
30.6822887,0.019278396,0,138.3221979,100.9143217,s,278
23.73601595,0.019426198,0,137.3043866,99.7346652,s,279
41.25588251,0.019047716,0,140.3266505,102.1561153,s,280
197.8130376,0.013845607,0,139.5511321,95.63765295,s,281
321.6312473,0.013764048,0,140.7718775,95.89612889,s,282
156.0484771,0.013851014,0,141.3333778,96.87574339,s,283
335.7038489,0.014481969,0,140.7411846,97.22000982,s,284
342.3902784,0.013622655,0,141.3760925,97.42719697,s,285
162.6381643,0.013880869,0,138.8916637,97.29862699,s,286
168.9481763,0.013942896,0,139.3560806,97.33330453,s,287
2571.185014,0.02532206,1,147.8846704,105.7252064,s,288
311.4515453,0.017722411,1,148.6305716,113.0729312,s,289
1325.426518,0.035345183,1,146.709534,107.1831966,s,290
2151.828426,0.030263436,1,149.0697994,109.3081134,s,291
324.989259,0.020905615,0,141.0197353,97.84981539,s,292
1819.630725,0.038484655,1,149.9316588,109.6716264,s,293
640.5011273,0.021306425,1,150.1058015,112.5876553,s,294
1313.760836,0.02649875,1,150.4718152,111.8767539,s,295
1552.41558,0.039569963,1,149.216051,110.3191683,s,296
1260.899664,0.034784751,1,148.2385508,109.3782259,s,297
1357.408646,0.040189681,1,149.4654378,111.0215127,s,298
1053.259442,0.027065299,1,148.4758154,110.594662,s,299
1291.404156,0.031022501,1,150.4228578,112.2074696,s,300
1253.930072,0.046060286,1,150.8043812,112.5096688,s,301
1158.195704,0.040148824,1,150.3720423,112.3386321,s,302
1438.155733,0.034683558,1,149.8577297,109.9042822,s,303
1515.008425,0.048746211,1,150.0401742,111.3405906,s,304
1214.907564,0.044941306,1,151.7007635,114.1660409,s,305
2119.487585,0.042240698,1,151.0521673,111.8001009,s,306
1667.787111,0.035727475,1,149.1555752,109.133819,s,307
1427.83035,0.018617342,0,144.9604889,99.54596586,s,308
1299.015285,0.020343474,0.5,145.1086655,101.2650391,s,309
642.68626,0.014769415,0,144.1744495,98.47051271,s,310
1759.439365,0.030104169,0.5,145.831459,104.3943323,s,311
2182.905949,0.03077953,1,147.6687587,107.5570159,s,312
305.600774,0.015948743,0,141.1885632,97.9778037,s,313
1995.98002,0.023042166,1,147.2502845,106.2034695,s,314
431.0522983,0.016933155,0,142.3465498,97.33598327,s,315
575.3553499,0.020713431,1,142.2404154,98.89267077,s,316
375.1435519,0.021027651,0,141.5284528,97.97439623,s,317
569.1714612,0.014999328,0,140.8865384,96.49150893,s,318
211.2994882,0.029956026,0,142.0424671,99.18947528,s,319
267.556776,0.042817245,0,142.7477699,98.55966752,s,320
39.6493513,0.051003509,0,142.3382566,104.5488152,s,321
198.8910841,0.026175574,0,143.0293863,99.83415913,s,322
74.88476792,0.045693977,0,144.448819,109.5557725,s,323
96.26760638,0.020233905,0,141.7861323,100.0958748,s,324
167.3674659,0.017725906,0,140.9232458,98.12235264,s,325
150.9825054,0.016433009,0,141.6724394,98.44733746,s,326
65.51229606,0.014576725,0,140.254427,99.43425967,s,327
85.61701017,0.014616577,1,138.5761475,98.58894052,s,328
304.7585066,0.018515061,0,141.69261,97.51922695,s,329
318.862773,0.014281724,1,139.803308,96.36124429,s,330
593.7291395,0.015011451,1,142.3724042,96.84593574,s,331
257.6455536,0.017066379,0,141.7841198,98.64284079,s,332
337.3570938,0.014749645,0.5,140.6538264,97.00764843,s,333
191.3711127,0.014139035,0.5,139.5357162,97.12209874,s,334
459.0773182,0.014312845,0,141.3224252,97.41776271,s,335
461.2172065,0.013879459,0,141.6533495,97.05456073,s,336
469.6663464,0.01469872,0,141.2630905,97.04962481,s,337
264.9683253,0.013984506,0,140.367405,96.93709834,s,338
353.2652938,0.014828126,0,140.7144108,97.2718596,s,339
192.8504299,0.014498116,0,139.8647377,97.31592269,s,340
143.8888638,0.013753445,0,137.824227,96.5952779,s,341
212.6410581,0.016454856,0,140.2055443,97.12253757,s,342
335.2219514,0.016490306,0,140.520131,96.9372717,s,343
62.43225534,0.040948839,0,139.8046653,102.1219144,s,344
138.1094919,0.019209798,0,139.9139568,97.88025702,s,345
356.5357343,0.024656778,0,141.2175149,101.8165689,s,346
163.9730289,0.015180478,0,139.2065192,96.95894338,s,347
300.2707589,0.015644391,0,140.3502119,96.86123062,s,348
477.8900278,0.02004846,0,142.3484248,97.7727594,s,349
403.0114634,0.028313333,0.5,145.2952764,102.5449663,s,350
358.9525138,0.045984292,0,158.0236274,122.8010508,s,351
744.2234112,0.01638927,0,143.0201274,97.75491458,s,352
552.1953925,0.017649835,1,145.312497,100.1598427,s,353
292.0599563,0.016317115,0,142.7166387,98.20659046,s,354
362.6846521,0.014038912,0,140.4112637,96.71526219,s,355
493.5312193,0.014396369,0,141.5315208,96.98822893,s,356
331.1020491,0.015009769,0,140.6522255,96.90063746,s,357
238.0928554,0.022015485,1,140.5988856,98.67199989,s,358
255.094081,0.018262002,0,140.562671,97.99961484,s,359
492.3522687,0.016311398,1,141.4310689,97.68541201,s,360
455.1690676,0.015556977,1,140.3904814,97.58335805,s,361
234.0132337,0.022759444,0,139.093953,98.43311001,s,362
264.5406152,0.016088411,0,140.2951795,97.33449705,s,363
216.6317772,0.018543884,0,139.3259827,98.02570961,s,364
300.6166517,0.014179109,0,139.6855151,96.74319273,s,365
503.1311336,0.019756799,0,141.7272641,98.26266566,s,366
119.9582639,0.024662517,0,141.4733489,100.3509495,s,367
14.84407533,0.051849065,0,139.6515281,105.719473,s,368
290.9996793,0.017376432,0,140.5305399,98.095367,s,369
119.7474899,0.021166882,0,140.5921071,100.4773992,s,370
27.99942704,0.035841055,0,142.3943087,104.6789876,s,371
14.54172324,0.060150242,0,140.7498025,106.5127528,s,372
117.9509911,0.01722238,0,141.2920482,98.8322374,s,373
198.3329282,0.014381908,0,140.3535888,97.92323804,s,374
128.839692,0.019274436,0,139.5589805,99.39036586,s,375
204.0371166,0.015553384,0,140.2755648,98.07259637,s,376
23.71608084,0.025936592,0,142.7034855,102.8557393,s,377
592.1990963,0.023189954,0,143.220108,100.1774326,s,378
726.4592689,0.019988575,1,144.3853302,99.98802699,s,379
950.121836,0.016054171,1,142.1554394,97.85198731,s,380
1099.630618,0.01522628,0,144.1374152,97.40504708,s,381
2020.278613,0.018190839,0,143.9797262,99.71922601,s,382
806.8997148,0.015419386,1,143.6976595,97.75483695,s,383
761.5514614,0.014572984,1,142.8054792,97.85209018,s,384
1221.076971,0.015360256,0,143.066292,97.74379969,s,385
874.7959359,0.014603728,1,143.5070055,97.38712626,s,386
914.0696263,0.014395203,1,144.1265396,97.29137518,s,387
432.7409573,0.014959183,0,140.7820164,97.48315096,s,388
925.1021339,0.015204764,0,143.8200198,97.52440885,s,389
145.8660801,0.02101831,1,144.0755347,101.724909,s,390
104.8310525,0.044818458,1,147.0098187,116.5804815,s,391
54.5998981,0.020593928,1,140.3369522,101.5767966,s,392
257.4665317,0.024337741,1,143.5662637,101.465435,s,393
265.0234538,0.016067443,0,142.2305752,97.69789286,s,394
377.6702707,0.020326445,0,141.5843398,98.65701162,s,395
30.23825692,0.033346049,0,140.6149685,103.614391,s,396
79.3655886,0.028748418,0,140.4910603,100.1486911,s,397
234.2540305,0.027807929,0,143.0679949,100.5400406,s,398
459.6072167,0.016878199,1,143.5168866,97.58339227,s,399
323.5238732,0.019877423,0,143.6532464,99.32113311,s,400
246.1670369,0.017240786,0,142.2121974,99.42707414,s,401
265.7378729,0.019391587,0,144.9836142,103.5746844,s,402
467.4820578,0.017276413,0,143.3171282,98.27135302,s,403
855.854886,0.017642829,0,143.1043939,97.59558941,s,404
684.9010289,0.015511038,1,141.9891814,97.07659467,s,405
1478.096561,0.01630628,1,144.7960227,97.69730663,s,406
948.8289601,0.016099358,0.5,143.8038016,97.7380401,s,407
592.2468091,0.015707915,0,143.0732385,97.77765762,s,408
